Time,Glucose,Fumaric,Ethanol
0,0,0,0
5.42,0.0991,0.0698,0.23
17.75,0.0443,0.472,0.533
29.58,0.0327,1.2849,0.536
40,0.0259,2.00428,0.451
51.67,0.0438,2.80364,0.19
65.8,0.0725,4.23941,0.0454
77.67,0.086,5.79114,0.192
89.67,0.0875,7.36062,0.206
101.67,0.0991,8.85809,0.243
113.67,0.222,10.78502,0.405
125.67,0.257,12.47308,0.697
137.7867,0.284,14.23396,0.963
149.67,0.725286,16.3661,1.16265
161.8033,0.959644,18.24494,1.478476
173.67,1.061876,19.7349,1.76613
185.67,1.152556,21.387,1.995288
